{
  "project_info": {
    "project_number": "150538746969",
    "project_id": "pocket-chat-20f13",
    "storage_bucket": "pocket-chat-20f13.appspot.com"
  },
  "client": [
    {
      "client_info": {
        "mobilesdk_app_id": "1:150538746969:android:e9f6548e4d2a289a920548",
        "android_client_info": {
          "package_name": "com.example.pocketchat"
        }
      },
      "oauth_client": [
        {
          "client_id": "150538746969-kpkm0soanqn0cna2998hj9neos1hnip0.apps.googleusercontent.com",
          "client_type": 3
        }
      ],
      "api_key": [
        {
          "current_key": "AIzaSyDFs4QKofs7jXd8MhrFqYcw_ni3rayBQMI"
        }
      ],
      "services": {
        "appinvite_service": {
          "other_platform_oauth_client": [
            {
              "client_id": "150538746969-kpkm0soanqn0cna2998hj9neos1hnip0.apps.googleusercontent.com",
              "client_type": 3
            }
          ]
        }
      }
    }
  ],
  "configuration_version": "1"
}